<?xml version="1.0" encoding="UTF-8"?>
<beans xmlns="http://www.springframework.org/schema/beans"
	xmlns:xsi="http://www.w3.org/2001/XMLSchema-instance"
	xmlns:context="http://www.springframework.org/schema/context"
	xsi:schemaLocation="http://www.springframework.org/schema/beans http://www.springframework.org/schema/beans/spring-beans.xsd
						http://www.springframework.org/schema/context http://www.springframework.org/schema/context/spring-context.xsd">

	<bean id="sqlSession" class="org.mybatis.spring.SqlSessionFactoryBean">
		<property name="dataSource" ref="dataSource" />
		<property name="mapperLocations" value="classpath:/mapper/**/*_SQL.xml" />
	</bean>
	
	<bean id="sqlSessionTemplate" class="org.mybatis.spring.SqlSessionTemplate">
        <constructor-arg index="0" ref="sqlSession"/>
    </bean>
    
    <bean id="sqlSession2" class="org.mybatis.spring.SqlSessionFactoryBean">
		<property name="dataSource" ref="dataSource2" />
		<property name="mapperLocations" value="classpath:/mapper/sso/SsoLink_SQL.xml" />
	</bean>
	
	<bean id="sqlSessionTemplate2" class="org.mybatis.spring.SqlSessionTemplate">
        <constructor-arg index="0" ref="sqlSession2"/>
    </bean>
    
    <bean id="sqlSession3" class="org.mybatis.spring.SqlSessionFactoryBean">
		<property name="dataSource" ref="dataSource3" />
		<property name="mapperLocations" value="classpath:/mapper/sendmsg/SendMsg_SQL.xml" />
	</bean>
	
	<bean id="sqlSessionTemplate3" class="org.mybatis.spring.SqlSessionTemplate">
        <constructor-arg index="0" ref="sqlSession3"/>
    </bean>  
</beans>