<?xml version="1.0" encoding="UTF-8"?>
<!DOCTYPE mapper PUBLIC "-//mybatis.org//DTD Mapper 3.0//EN" "http://mybatis.org/dtd/mybatis-3-mapper.dtd">

<mapper namespace="manage">

<select id="selectConfirmList" parameterType="hashmap" resultType="hashmap">
		<include refid="common.pagingPre"/> 
		<![CDATA[
             SELECT COUNT(*) OVER() AS TOTAL_COUNT                                
                    ,ID
					,WRITE_DATE
					,CELL_NUM
					,PATIENT_NUM
					,PATIENT_NAME
					,CONTACT_NUM
					,CONTACT_NAME
					,CONFIRM_GRADE
					,SEX
					,BIRTH
					,JOB
					,ORG_GUBUN
					,ORG_DONG
					,ORG_ADDRESS
					,ORG_ADDRESS_DTL
					,INFECT_GUBUN
					,INFECT_DONG
					,INFECT_DAE
					,INFECT_SO
					,INFECT_ASFECT_AREA
					,INFECT_ASFECT_AREA_DTL
					,INFECT_JIPDAN_GUBUN
					,INFECT_JIPDAN_GUBUN_FACILITY
					,CONFIRM_DATE
					,HOSPITAL
					,DISCHARGE_DATE
					,REMARK
					,INS_ID
                    ,TO_CHAR(INS_DATE, 'YYYY.MM.DD HH24:MI:SS') INS_DATE
            FROM CORONA_CONFIRM_STATUS 
            WHERE DEL_YN = 0              
		]]>
		<if test="name != null and name !=''">
		AND PATIENT_NAME LIKE '%' || #{name} ||'%'
		</if>
		<if test="from_date != null and from_date !=''">
		AND WRITE_DATE <![CDATA[>=]]> #{from_date}
		</if>
		<if test="to_date != null and to_date !=''">
		AND WRITE_DATE <![CDATA[<=]]> #{to_date}
		</if>
		ORDER BY WRITE_DATE DESC,INS_DATE DESC				
		<include refid="common.pagingPost"/> 
</select>


<insert id="insertConfirmManageExcel" parameterType="hashmap">
		<selectKey keyProperty="SID" resultType="string" order="BEFORE">
			SELECT CORONA_CONFIRM_SQ.NEXTVAL FROM DUAL
		</selectKey>
		<![CDATA[		
			INSERT INTO CORONA_CONFIRM_STATUS
			(
				ID
				,WRITE_DATE
				,CELL_NUM
				,PATIENT_NUM
				,PATIENT_NAME
				,CONTACT_NUM
				,CONTACT_NAME
				,CONFIRM_GRADE
				,SEX
				,BIRTH
				,JOB
				,ORG_GUBUN
				,ORG_DONG
				,ORG_ADDRESS
				,ORG_ADDRESS_DTL
				,INFECT_GUBUN
				,INFECT_DONG
				,INFECT_DAE
				,INFECT_SO
				,INFECT_ASFECT_AREA
				,INFECT_ASFECT_AREA_DTL
				,INFECT_JIPDAN_GUBUN
				,INFECT_JIPDAN_GUBUN_FACILITY
				,CONFIRM_DATE
				,HOSPITAL
				,DISCHARGE_DATE
				,REMARK
				,INS_ID
				,INS_DATE
				,DEL_YN														  
			)
			VALUES
			(
				TRIM(#{SID})
				
				,TRIM(#{A})
				,TRIM(#{B})
				,TRIM(#{C})
				,TRIM(#{D})
				,TRIM(#{E})
				,TRIM(#{F})
				,TRIM(#{G})
				,TRIM(#{H})
				,TRIM(#{I})
				,TRIM(#{J})
				,TRIM(#{K})
				,TRIM(#{L})
				,TRIM(#{M})
				,TRIM(#{N})
				,TRIM(#{O})
				,TRIM(#{P})
				,TRIM(#{Q})
				,TRIM(#{R})
				,TRIM(#{S})
				,TRIM(#{T})
				,TRIM(#{U})
				,TRIM(#{V})
				,TRIM(#{W})
				,TRIM(#{X})
				,TRIM(#{Y})
				,TRIM(#{Z})
								
				,#{INS_ID}
				,SYSDATE
				,0		
			)
			]]>
	</insert>
	
	<update id="updateDelConfirmAllList" parameterType="hashmap">
	<![CDATA[		
		UPDATE CORONA_CONFIRM_STATUS
		SET del_yn = 1,
			del_date = sysdate
		WHERE del_yn = 0
		AND ID = #{selId}
	]]>
	</update>
	
	
	<!-- 국내접촉자 --><!-- 국내접촉자 --><!-- 국내접촉자 --><!-- 국내접촉자 --><!-- 국내접촉자 --><!-- 국내접촉자 -->
	<select id="selectDomesticContactList" parameterType="hashmap" resultType="hashmap">
			<include refid="common.pagingPre"/> 
			<![CDATA[
	             SELECT COUNT(*) OVER() AS TOTAL_COUNT                                
	                    ,ID
						,WRITE_DATE
						,CELL_NUM
						,NAME
						,SEX
						,BIRTH
						,JOB
						,ORG_ADDRESS
						,ORG_ADDRESS_DTL
						,SELF_ISO_AREA_DONG
						,SELF_ISO_AREA_ADDRESS
						,SELF_ISO_AREA_ADDRESS_DTL
						,PATIENT_NUM
						,PATIENT_NAME
						,CONTACT_NUM
						,CONTACT_NAME
						,FINAL_CONTACT
						,MONITOR_START
						,MONITOR_END
						,CONTACT_ADDRESS
						,CONTACT_ADDRESS_DTL
						,CONTACT_TYPE
						,CONTACT_GUBUN
						,PATIENT_YN
						,BALGUB_YN
						,DAMDANG_DEPART
						,DAMDANG_CLASS
						,DAMDANG_POSITION
						,DAMDANG_NAME
						,DAMDANG_CALL
	            FROM CORONA_DOMESTIC_CONTACT_STATUS 
	            WHERE DEL_YN = 0              
			]]>
			<if test="name != null and name !=''">
			AND NAME LIKE '%' || #{name} ||'%'
			</if>
			<if test="from_date != null and from_date !=''">
			AND WRITE_DATE <![CDATA[>=]]> #{from_date}
			</if>
			<if test="to_date != null and to_date !=''">
			AND WRITE_DATE <![CDATA[<=]]> #{to_date}
			</if>
			ORDER BY WRITE_DATE DESC,INS_DATE DESC				
			<include refid="common.pagingPost"/> 
	</select>
	
	
	<insert id="insertDomesticContactManageExcel" parameterType="hashmap">
		<selectKey keyProperty="SID" resultType="string" order="BEFORE">
			SELECT CORONA_DOMESTIC_CONTACT_SQ.NEXTVAL FROM DUAL
		</selectKey>
		<![CDATA[		
			INSERT INTO CORONA_DOMESTIC_CONTACT_STATUS
			(
				ID
				,WRITE_DATE
				,CELL_NUM
				,NAME
				,SEX
				,BIRTH
				,JOB
				,ORG_ADDRESS
				,ORG_ADDRESS_DTL
				,SELF_ISO_AREA_DONG
				,SELF_ISO_AREA_ADDRESS
				,SELF_ISO_AREA_ADDRESS_DTL
				,PATIENT_NUM
				,PATIENT_NAME
				,CONTACT_NUM
				,CONTACT_NAME
				,FINAL_CONTACT
				,MONITOR_START
				,MONITOR_END
				,CONTACT_ADDRESS
				,CONTACT_ADDRESS_DTL
				,CONTACT_TYPE
				,CONTACT_GUBUN
				,PATIENT_YN
				,BALGUB_YN
				,DAMDANG_DEPART
				,DAMDANG_CLASS
				,DAMDANG_POSITION
				,DAMDANG_NAME
				,DAMDANG_CALL
				,INS_ID
				,INS_DATE
				,DEL_YN													  
			)
			VALUES
			(
				TRIM(#{SID})
				
				,TRIM(#{A})
				,TRIM(#{B})
				,TRIM(#{C})
				,TRIM(#{D})
				,TRIM(#{E})
				,TRIM(#{F})
				,TRIM(#{G})
				,TRIM(#{H})
				,TRIM(#{I})
				,TRIM(#{J})
				,TRIM(#{K})
				,TRIM(#{L})
				,TRIM(#{M})
				,TRIM(#{N})
				,TRIM(#{O})
				,TRIM(#{P})
				,TRIM(#{Q})
				,TRIM(#{R})
				,TRIM(#{S})
				,TRIM(#{T})
				,TRIM(#{U})
				,TRIM(#{V})
				,TRIM(#{W})
				,TRIM(#{X})
				,TRIM(#{Y})
				,TRIM(#{Z})
				,TRIM(#{AA})
				,TRIM(#{AB})
				,TRIM(#{AC})
				
				,#{INS_ID}
				,SYSDATE
				,0		
			)
			]]>
	</insert>
	
	<update id="updateDelDomesticAllList" parameterType="hashmap">
	<![CDATA[		
		UPDATE CORONA_DOMESTIC_CONTACT_STATUS
		SET del_yn = 1,
			del_date = sysdate
		WHERE del_yn = 0
		AND ID = #{selId}
	]]>
	</update>
	
	
	<!-- 해외입국자 --><!-- 해외입국자 --><!-- 해외입국자 --><!-- 해외입국자 --><!-- 해외입국자 --><!-- 해외입국자 -->
	<select id="selectOverseaList" parameterType="hashmap" resultType="hashmap">
			<include refid="common.pagingPre"/> 
			<![CDATA[
	             SELECT COUNT(*) OVER() AS TOTAL_COUNT                                
	                    ,ID
						,WRITE_DATE
						,CELL_NUM
						,NAME
						,SEX
						,BIRTH
						,JOB
						,ORG_ADDRESS
						,ORG_ADDRESS_DTL
						,SELF_ISO_AREA_DONG
						,SELF_ISO_AREA_ADDRESS
						,SELF_ISO_AREA_ADDRESS_DTL
						,COME_DATE
						,FREE_DATE
						,VISIT_NATION
						,DAMDANG_DEPART
						,DAMDANG_CLASS
						,DAMDANG_POSITION
						,DAMDANG_NAME
						,DAMDANG_CALL
	            FROM CORONA_OVERSEA_STATUS 
	            WHERE DEL_YN = 0              
			]]>
			<if test="name != null and name !=''">
			AND NAME LIKE '%' || #{name} ||'%'
			</if>
			<if test="from_date != null and from_date !=''">
			AND WRITE_DATE <![CDATA[>=]]> #{from_date}
			</if>
			<if test="to_date != null and to_date !=''">
			AND WRITE_DATE <![CDATA[<=]]> #{to_date}
			</if>
			ORDER BY WRITE_DATE DESC,INS_DATE DESC				
			<include refid="common.pagingPost"/> 
	</select>
	
	
	<insert id="insertOverseaManageExcel" parameterType="hashmap">
		<selectKey keyProperty="SID" resultType="string" order="BEFORE">
			SELECT CORONA_OVERSEA_SQ.NEXTVAL FROM DUAL
		</selectKey>
		<![CDATA[		
			INSERT INTO CORONA_OVERSEA_STATUS
			(
				ID
				,WRITE_DATE
				,CELL_NUM
				,NAME
				,SEX
				,BIRTH
				,JOB
				,ORG_ADDRESS
				,ORG_ADDRESS_DTL
				,SELF_ISO_AREA_DONG
				,SELF_ISO_AREA_ADDRESS
				,SELF_ISO_AREA_ADDRESS_DTL
				,COME_DATE
				,FREE_DATE
				,VISIT_NATION
				,DAMDANG_DEPART
				,DAMDANG_CLASS
				,DAMDANG_POSITION
				,DAMDANG_NAME
				,DAMDANG_CALL
				,INS_ID
				,INS_DATE
				,DEL_YN													  
			)
			VALUES
			(
				TRIM(#{SID})
				
				,TRIM(#{A})
				,TRIM(#{B})
				,TRIM(#{C})
				,TRIM(#{D})
				,TRIM(#{E})
				,TRIM(#{F})
				,TRIM(#{G})
				,TRIM(#{H})
				,TRIM(#{I})
				,TRIM(#{J})
				,TRIM(#{K})
				,TRIM(#{L})
				,TRIM(#{M})
				,TRIM(#{N})
				,TRIM(#{O})
				,TRIM(#{P})
				,TRIM(#{Q})
				,TRIM(#{R})
				,TRIM(#{S})
				
				,#{INS_ID}
				,SYSDATE
				,0		
			)
			]]>
	</insert>
	
	<update id="updateDelOverseaAllList" parameterType="hashmap">
	<![CDATA[		
		UPDATE CORONA_OVERSEA_STATUS
		SET del_yn = 1,
			del_date = sysdate
		WHERE del_yn = 0
		AND ID = #{selId}
	]]>
	</update>
	
	<!-- 상담민원 --><!-- 상담민원 --><!-- 상담민원 --><!-- 상담민원 --><!-- 상담민원 -->
<select id="selectConsultList" parameterType="hashmap" resultType="hashmap">
		<include refid="common.pagingPre"/> 
		<![CDATA[
             SELECT COUNT(*) OVER() AS TOTAL_COUNT                                
                    ,ID
					,WRITE_DATE
					,CONSULT_GUBUN
					,JUYA_GUBUN
					,CONSULT_TIME
					,CONSULT_NAME
					,MINWON_NAME
					,SEX
					,MINWON_PHONE
					,DBMS_LOB.SUBSTR( MINWON_CONTENT, 4000, 1)  as MINWON_CONTENT 
					,DBMS_LOB.SUBSTR( PROCESS_RESULT, 4000, 1)  as PROCESS_RESULT
					,REMARK
					,INS_ID
                    ,TO_CHAR(INS_DATE, 'YYYY.MM.DD HH24:MI:SS') INS_DATE
            FROM CORONA_CONSULT_STATUS 
            WHERE DEL_YN = 0              
		]]>
		<if test="name != null and name !=''">
		AND CONSULT_NAME LIKE '%' || #{name} ||'%'
		</if>
		<if test="from_date != null and from_date !=''">
		AND WRITE_DATE <![CDATA[>=]]> #{from_date}
		</if>
		<if test="to_date != null and to_date !=''">
		AND WRITE_DATE <![CDATA[<=]]> #{to_date}
		</if>
		ORDER BY WRITE_DATE DESC,INS_DATE DESC				
		<include refid="common.pagingPost"/> 
</select>


<insert id="insertConsultExcel" parameterType="hashmap">
		<selectKey keyProperty="SID" resultType="string" order="BEFORE">
			SELECT CORONA_CONSULT_SQ.NEXTVAL FROM DUAL
		</selectKey>
		<![CDATA[		
			INSERT INTO CORONA_CONSULT_STATUS
			(
				ID
				,WRITE_DATE
				,CONSULT_GUBUN
				,JUYA_GUBUN
				,CONSULT_TIME
				,CONSULT_NAME
				,MINWON_NAME
				,SEX
				,MINWON_PHONE
				,MINWON_CONTENT
				,PROCESS_RESULT
				
				,INS_ID
				,INS_DATE
				,DEL_YN														  
			)
			VALUES
			(
				TRIM(#{SID})
				
				,TRIM(#{A})
				,TRIM(#{B})
				,TRIM(#{C})
				,TRIM(#{D})
				,TRIM(#{E})
				,TRIM(#{F})
				,TRIM(#{G})
				,TRIM(#{H})
				,TRIM(#{I})
				,TRIM(#{J})
				
				,#{INS_ID}
				,SYSDATE
				,0		
			)
			]]>
	</insert>
	
	<update id="updateDelConsultAllList" parameterType="hashmap">
	<![CDATA[		
		UPDATE CORONA_CONSULT_STATUS
		SET del_yn = 1,
			del_date = sysdate
		WHERE del_yn = 0
		AND ID = #{selId}
	]]>
	</update>
	
	
	<!-- 선별진료소 -->
	<select id="selectClinicList" parameterType="hashmap" resultType="hashmap">
			<include refid="common.pagingPre"/> 
			<![CDATA[
	             SELECT COUNT(*) OVER() AS TOTAL_COUNT                                
	                    ,ID
						,WRITE_DATE
						,CLINIC_VISIT_DATE
						,CELL_NUM
						,NAME
						,SEX
						,BIRTH
						,JOB
						,INSPECTION_CASE
						,SARAE_GUBUN
						,SUSPICION_GUBUN
						,SUSPICION_DAE
						,SUSPICION_SO
						,ORG_ADDRESS
						,ORG_ADDRESS_DTL
	            FROM CORONA_CLINIC_STATUS 
	            WHERE DEL_YN = 0              
			]]>
			<if test="name != null and name !=''">
			AND NAME LIKE '%' || #{name} ||'%'
			</if>
			<if test="from_date != null and from_date !=''">
			AND WRITE_DATE <![CDATA[>=]]> #{from_date}
			</if>
			<if test="to_date != null and to_date !=''">
			AND WRITE_DATE <![CDATA[<=]]> #{to_date}
			</if>
			ORDER BY WRITE_DATE DESC,INS_DATE DESC				
			<include refid="common.pagingPost"/> 
	</select>
	
	
	<insert id="insertClinicManageExcel" parameterType="hashmap">
		<selectKey keyProperty="SID" resultType="string" order="BEFORE">
			SELECT CORONA_CLINIC_SQ.NEXTVAL FROM DUAL
		</selectKey>
			INSERT INTO CORONA_CLINIC_STATUS
			(
				ID
				,WRITE_DATE
				,CLINIC_VISIT_DATE
				,CELL_NUM
				,NAME
				,SEX
				,BIRTH
				,JOB
				,INSPECTION_CASE
				,SARAE_GUBUN
				,SUSPICION_GUBUN
				,SUSPICION_DAE
				,SUSPICION_SO
				,ORG_ADDRESS
				,ORG_ADDRESS_DTL
				,INS_ID
				,INS_DATE
				,DEL_YN													  
			)
			VALUES
			(
				TRIM(#{SID})
				
				,TRIM(NVL(#{A},''))
				,TRIM(NVL(#{B},''))
				,TRIM(NVL(#{C},''))
				,TRIM(NVL(#{D},''))
				,TRIM(NVL(#{E},''))
				,TRIM(NVL(#{F},''))
				,TRIM(NVL(#{G},''))
				,TRIM(NVL(#{H},''))
				,TRIM(NVL(#{I},''))
				,TRIM(NVL(#{J},''))
				,TRIM(NVL(#{K},''))
				,TRIM(NVL(#{L},''))
				,TRIM(NVL(#{M},''))
				,TRIM(NVL(#{N},''))
				
				,#{INS_ID}
				,SYSDATE
				,0		
			)
	</insert>
	
	<update id="updateDelClinicAllList" parameterType="hashmap">
	<![CDATA[		
		UPDATE CORONA_CLINIC_STATUS
		SET del_yn = 1,
			del_date = sysdate
		WHERE del_yn = 0
		AND ID = #{selId}
	]]>
	</update>
	
	
	
</mapper>