<?xml version="1.0" encoding="UTF-8"?>
<!DOCTYPE mapper PUBLIC "-//mybatis.org//DTD Mapper 3.0//EN" "http://mybatis.org/dtd/mybatis-3-mapper.dtd">

<mapper namespace="login">
	
	<select id="loginProcessId" parameterType="hashmap" resultType="hashmap">
		<![CDATA[
			SELECT
				USER_ID,
				USER_NAME,
				USER_PASS,
				USER_RIGHT,				
				DEPT_ID,
				DEPT_NAME,
				CLASS_ID, 
				CLASS_NAME, 
				POSITION_ID,
				POSITION_NAME,
				APPLY_REASON,
				USER_STATUS,
				APPROVE_DATE,
				USER_TEL				
			FROM
				BIMS_USER_MASTER
			WHERE
				DEL_YN = '0'
				AND USER_ID = #{USER_ID}			
		]]>
	</select>
	
	
	<select id="loginProcessPw" parameterType="hashmap" resultType="hashmap">
		<![CDATA[
			SELECT
				USER_ID,
				USER_NAME,
				USER_PASS,
				USER_RIGHT,				
				DEPT_ID,
				DEPT_NAME,
				CLASS_ID, 
				CLASS_NAME, 
				POSITION_ID,
				POSITION_NAME,				
				APPLY_REASON, 
				USER_STATUS,
				APPROVE_DATE,
				USER_TEL				
			FROM
				BIMS_USER_MASTER
			WHERE
				DEL_YN = '0'
				AND USER_ID = #{USER_ID}
				AND USER_PASS = #{PASS_WD}		
		]]>
	</select>
	
	
	<insert id="insertUserinfo" parameterType="hashmap">		
		<![CDATA[
			INSERT INTO BIMS_USER_MASTER
			(
				USER_ID,
			    USER_NAME,
			    USER_PASS,
			    USER_RIGHT,			
			    DEPT_ID,
			    DEPT_NAME,
			    CLASS_ID,
			    CLASS_NAME,
			    POSITION_ID, 			   
			    POSITION_NAME,
			    USER_TEL,			    
			    APPLY_REASON,
			    USER_STATUS,			    	   
			    INS_DATE
			)
			VALUES
			(
				#{USER_ID},
			    #{USER_NAME},
			    #{USER_PASS},
			    #{USER_RIGHT},			    
			    #{DEPT_ID},
			    #{DEPT_NAME},
			    #{CLASS_ID},
			    #{CLASS_NAME},
			    #{POSITION_ID}, 			   
			    #{POSITION_NAME},
			    #{USER_TEL},			    
			    #{APPLY_REASON},
			    #{USER_STATUS},
			    SYSDATE   
			)
		]]>
	</insert>
	
	
	
	<update id="updateUserinfo" parameterType="hashmap">
		<![CDATA[
			UPDATE BIMS_USER_MASTER
			SET
				USER_NAME  = #{USER_NAME},
				DEPT_ID    = #{DEPT_ID},
				DEPT_NAME  = #{DEPT_NAME},
				CLASS_ID   = #{CLASS_ID},
				CLASS_NAME = #{CLASS_NAME},
				POSITION_ID = #{POSITION_ID},	
                POSITION_NAME = #{POSITION_NAME},
                USER_TEL = #{USER_TEL},
                MOD_DATE = SYSDATE							
			WHERE
				USER_ID = #{USER_ID}
		]]>
	</update>

	
</mapper>