<?xml version="1.0" encoding="UTF-8"?>
<beans xmlns="http://www.springframework.org/schema/beans"
	xmlns:xsi="http://www.w3.org/2001/XMLSchema-instance"
	xmlns:util="http://www.springframework.org/schema/util"
	xsi:schemaLocation="http://www.springframework.org/schema/beans http://www.springframework.org/schema/beans/spring-beans-3.0.xsd
						http://www.springframework.org/schema/jdbc  http://www.springframework.org/schema/jdbc/spring-jdbc-3.0.xsd
						http://www.springframework.org/schema/util  http://www.springframework.org/schema/util/spring-util-4.2.xsd">
    
   
   <util:properties id="dbcon" location="/WEB-INF/config/#{systemProperties['spring.profiles.active']}_prop.xml" />
   
    <bean id="dataSourceSpied" class="org.apache.commons.dbcp.BasicDataSource" destroy-method="close">
        <property name="driverClassName" value="oracle.jdbc.driver.OracleDriver"/>
        <property name="url" value="#{dbcon['db.url']}"/>
        <property name="username" value="#{dbcon['db.username']}"/>
        <property name="password" value="#{dbcon['db.password']}"/>
	</bean>


    <bean id="dataSourceSpied2" class="org.apache.commons.dbcp.BasicDataSource" destroy-method="close">
        <property name="driverClassName" value="oracle.jdbc.driver.OracleDriver"/>
        <property name="url" value="jdbc:oracle:thin:@98.23.70.21:1526:COMM"/>
        <property name="username" value="ssoview"/>
        <property name="password" value="ssolink"/>
	</bean>
	
	
	<bean id="dataSourceSpied3" class="org.apache.commons.dbcp.BasicDataSource" destroy-method="close">
        <property name="driverClassName" value="oracle.jdbc.driver.OracleDriver"/>
        <property name="url" value="jdbc:oracle:thin:@211.35.57.213:65329:ora9u"/>
        <property name="username" value="PORTAL2016"/>
        <property name="password" value="PORTAL2016"/>
        <property name="defaultAutoCommit" value="true" />    
        <property name="validationQuery" value="select 1 from dual"/>
        <property name="testWhileIdle" value="true"/>
        <property name="timeBetweenEvictionRunsMillis" value="7200000"/>
	</bean>
    
    <bean id="dataSource" class="net.sf.log4jdbc.Log4jdbcProxyDataSource">
		<constructor-arg ref="dataSourceSpied" />
		<property name="logFormatter">
			<bean class="net.sf.log4jdbc.tools.Log4JdbcCustomFormatter">
				<property name="loggingType" value="MULTI_LINE" />
				<property name="sqlPrefix" value="SQL         :  "/>
			</bean>
		</property>
	</bean>
	
	
	<bean id="dataSource2" class="net.sf.log4jdbc.Log4jdbcProxyDataSource">
		<constructor-arg ref="dataSourceSpied2" />
		<property name="logFormatter">
			<bean class="net.sf.log4jdbc.tools.Log4JdbcCustomFormatter">
				<property name="loggingType" value="MULTI_LINE" />
				<property name="sqlPrefix" value="SQL         :  "/>
			</bean>
		</property>
	</bean>
	
	<bean id="dataSource3" class="net.sf.log4jdbc.Log4jdbcProxyDataSource">
		<constructor-arg ref="dataSourceSpied3" />
		<property name="logFormatter">
			<bean class="net.sf.log4jdbc.tools.Log4JdbcCustomFormatter">
				<property name="loggingType" value="MULTI_LINE" />
				<property name="sqlPrefix" value="SQL         :  "/>
			</bean>
		</property>
	</bean>
</beans>
 
